Model,AUC_ROC,AUC_ROC_std,Avg_Prec,F1,LogLoss
RandomForest,0.5926733961128311,0.1013106929797155,0.12233315633960143,0.06136363636363636,0.3060993398179602
LogisticRegression,0.5873145639834881,0.10260577155152029,0.1514084737069552,0.11542873865964295,0.6379380755137806
GradientBoosting_XGBProxy,0.5387163527691778,0.06622155942914598,0.11938630451422852,0.06666666666666667,0.27275336374564557
